Ploidy,Dev50,Devprog
01synth,0.10028424,0.183258532
02nat,0.18740228,0.173419433